<?xml version="1.0" encoding="UTF-8"?>
<!DOCTYPE mapper PUBLIC "-//mybatis.org//DTD Mapper 3.0//EN" "http://mybatis.org/dtd/mybatis-3-mapper.dtd">
<mapper namespace="com.competition.mapper.AdminMapper">
    <resultMap id="BaseResultMap" type="com.competition.entity.Admin">
        <id column="id" jdbcType="INTEGER" property="id"/>
        <result column="username" jdbcType="VARCHAR" property="username"/>
        <result column="password" jdbcType="VARCHAR" property="password"/>
        <result column="nickname" jdbcType="VARCHAR" property="nickname"/>
        <result column="create_time" jdbcType="TIMESTAMP" property="createTime"/>
        <result column="update_time" jdbcType="TIMESTAMP" property="updateTime"/>
    </resultMap>

    <sql id="Base_Column_List">
        id
        , username, password, nickname, create_time, update_time
    </sql>

    <select id="selectByPrimaryKey" parameterType="java.lang.Integer" resultMap="BaseResultMap">
        select
        <include refid="Base_Column_List"/>
        from t_admin
        where id = #{id,jdbcType=INTEGER}
    </select>

    <delete id="deleteByPrimaryKey" parameterType="java.lang.Integer">
        delete
        from t_admin
        where id = #{id,jdbcType=INTEGER}
    </delete>

    <insert id="insert" parameterType="com.competition.entity.Admin">
        insert into t_admin (id, username, password,
                             nickname, create_time, update_time)
        values (#{id,jdbcType=INTEGER}, #{username,jdbcType=VARCHAR}, #{password,jdbcType=VARCHAR},
                #{nickname,jdbcType=VARCHAR}, #{createTime,jdbcType=TIMESTAMP},
                #{updateTime,jdbcType=TIMESTAMP})
    </insert>

    <insert id="insertSelective" parameterType="com.competition.entity.Admin">
        insert into t_admin
        <trim prefix="(" suffix=")" suffixOverrides=",">
            <if test="id != null">
                id,
            </if>
            <if test="username != null">
                username,
            </if>
            <if test="password != null">
                password,
            </if>
            <if test="nickname != null">
                nickname,
            </if>
            <if test="createTime != null">
                create_time,
            </if>
            <if test="updateTime != null">
                update_time,
            </if>
        </trim>
        <trim prefix="values (" suffix=")" suffixOverrides=",">
            <if test="id != null">
                #{id,jdbcType=INTEGER},
            </if>
            <if test="username != null">
                #{username,jdbcType=VARCHAR},
            </if>
            <if test="password != null">
                #{password,jdbcType=VARCHAR},
            </if>
            <if test="nickname != null">
                #{nickname,jdbcType=VARCHAR},
            </if>
            <if test="createTime != null">
                #{createTime,jdbcType=TIMESTAMP},
            </if>
            <if test="updateTime != null">
                #{updateTime,jdbcType=TIMESTAMP},
            </if>
        </trim>
    </insert>

    <update id="updateByPrimaryKeySelective" parameterType="com.competition.entity.Admin">
        update t_admin
        <set>
            <if test="username != null">
                username = #{username,jdbcType=VARCHAR},
            </if>
            <if test="password != null">
                password = #{password,jdbcType=VARCHAR},
            </if>
            <if test="nickname != null">
                nickname = #{nickname,jdbcType=VARCHAR},
            </if>
            <if test="createTime != null">
                create_time = #{createTime,jdbcType=TIMESTAMP},
            </if>
            <if test="updateTime != null">
                update_time = #{updateTime,jdbcType=TIMESTAMP},
            </if>
        </set>
        where id = #{id,jdbcType=INTEGER}
    </update>

    <update id="updateByPrimaryKey" parameterType="com.competition.entity.Admin">
        update t_admin
        set username    = #{username,jdbcType=VARCHAR},
            password    = #{password,jdbcType=VARCHAR},
            nickname    = #{nickname,jdbcType=VARCHAR},
            create_time = #{createTime,jdbcType=TIMESTAMP},
            update_time = #{updateTime,jdbcType=TIMESTAMP}
        where id = #{id,jdbcType=INTEGER}
    </update>


    <select id="selectByUsername" resultType="com.competition.entity.Admin">
        select *
        from t_admin
        where username = #{username};
    </select>

</mapper>