<?xml version="1.0" encoding="UTF-8"?>
<!DOCTYPE mapper PUBLIC "-//mybatis.org//DTD Mapper 3.0//EN" "http://mybatis.org/dtd/mybatis-3-mapper.dtd">
<mapper namespace="com.competition.mapper.ApplyMapper">
    <resultMap id="BaseResultMap" type="com.competition.entity.Apply">
        <id column="id" jdbcType="INTEGER" property="id"/>
        <result column="user_id" jdbcType="INTEGER" property="userId"/>
        <result column="competition_id" jdbcType="INTEGER" property="competitionId"/>
        <result column="point" jdbcType="DOUBLE" property="point"/>
        <result column="skill" jdbcType="VARCHAR" property="skill"/>
        <result column="cert" jdbcType="VARCHAR" property="cert"/>
        <result column="content" jdbcType="VARCHAR" property="content"/>
        <result column="teacher_id" jdbcType="INTEGER" property="teacherId"/>
        <result column="status" jdbcType="INTEGER" property="status"/>
        <result column="remark" jdbcType="VARCHAR" property="remark"/>
        <result column="create_time" jdbcType="TIMESTAMP" property="createTime"/>
        <result column="update_time" jdbcType="TIMESTAMP" property="updateTime"/>
    </resultMap>

    <sql id="Base_Column_List">
        id
        , user_id, competition_id, point, skill, cert, content, teacher_id, status, remark, create_time,
    update_time
    </sql>

    <select id="selectByPrimaryKey" parameterType="java.lang.Integer" resultMap="BaseResultMap">
        select
        <include refid="Base_Column_List"/>
        from t_apply
        where id = #{id,jdbcType=INTEGER}
    </select>

    <delete id="deleteByPrimaryKey" parameterType="java.lang.Integer">
        delete
        from t_apply
        where id = #{id,jdbcType=INTEGER}
    </delete>

    <insert id="insert" parameterType="com.competition.entity.Apply">
        insert into t_apply (id, user_id, competition_id,
                             point, skill, cert,
                             content, teacher_id, status, remark,
                             create_time, update_time)
        values (#{id,jdbcType=INTEGER}, #{userId,jdbcType=INTEGER}, #{competitionId,jdbcType=INTEGER},
                #{point,jdbcType=DOUBLE}, #{skill,jdbcType=VARCHAR}, #{cert,jdbcType=VARCHAR},
                #{content,jdbcType=VARCHAR}, #{teacherId,jdbcType=INTEGER}, #{status,jdbcType=INTEGER},
                #{remark,jdbcType=VARCHAR},
                #{createTime,jdbcType=TIMESTAMP}, #{updateTime,jdbcType=TIMESTAMP})
    </insert>

    <insert id="insertSelective" parameterType="com.competition.entity.Apply">
        insert into t_apply
        <trim prefix="(" suffix=")" suffixOverrides=",">
            <if test="id != null">
                id,
            </if>
            <if test="userId != null">
                user_id,
            </if>
            <if test="competitionId != null">
                competition_id,
            </if>
            <if test="point != null">
                point,
            </if>
            <if test="skill != null">
                skill,
            </if>
            <if test="cert != null">
                cert,
            </if>
            <if test="content != null">
                content,
            </if>
            <if test="teacherId != null">
                teacher_id,
            </if>
            <if test="status != null">
                status,
            </if>
            <if test="remark != null">
                remark,
            </if>
            <if test="createTime != null">
                create_time,
            </if>
            <if test="updateTime != null">
                update_time,
            </if>
        </trim>
        <trim prefix="values (" suffix=")" suffixOverrides=",">
            <if test="id != null">
                #{id,jdbcType=INTEGER},
            </if>
            <if test="userId != null">
                #{userId,jdbcType=INTEGER},
            </if>
            <if test="competitionId != null">
                #{competitionId,jdbcType=INTEGER},
            </if>
            <if test="point != null">
                #{point,jdbcType=DOUBLE},
            </if>
            <if test="skill != null">
                #{skill,jdbcType=VARCHAR},
            </if>
            <if test="cert != null">
                #{cert,jdbcType=VARCHAR},
            </if>
            <if test="content != null">
                #{content,jdbcType=VARCHAR},
            </if>
            <if test="teacherId != null">
                #{teacherId,jdbcType=INTEGER},
            </if>
            <if test="status != null">
                #{status,jdbcType=INTEGER},
            </if>
            <if test="remark != null">
                #{remark,jdbcType=VARCHAR},
            </if>
            <if test="createTime != null">
                #{createTime,jdbcType=TIMESTAMP},
            </if>
            <if test="updateTime != null">
                #{updateTime,jdbcType=TIMESTAMP},
            </if>
        </trim>
    </insert>

    <update id="updateByPrimaryKeySelective" parameterType="com.competition.entity.Apply">
        update t_apply
        <set>
            <if test="userId != null">
                user_id = #{userId,jdbcType=INTEGER},
            </if>
            <if test="competitionId != null">
                competition_id = #{competitionId,jdbcType=INTEGER},
            </if>
            <if test="point != null">
                point = #{point,jdbcType=DOUBLE},
            </if>
            <if test="skill != null">
                skill = #{skill,jdbcType=VARCHAR},
            </if>
            <if test="cert != null">
                cert = #{cert,jdbcType=VARCHAR},
            </if>
            <if test="content != null">
                content = #{content,jdbcType=VARCHAR},
            </if>
            <if test="teacherId != null">
                teacher_id = #{teacherId,jdbcType=INTEGER},
            </if>
            <if test="status != null">
                status = #{status,jdbcType=INTEGER},
            </if>
            <if test="remark != null">
                remark = #{remark,jdbcType=VARCHAR},
            </if>
            <if test="createTime != null">
                create_time = #{createTime,jdbcType=TIMESTAMP},
            </if>
            <if test="updateTime != null">
                update_time = #{updateTime,jdbcType=TIMESTAMP},
            </if>
        </set>
        where id = #{id,jdbcType=INTEGER}
    </update>

    <update id="updateByPrimaryKey" parameterType="com.competition.entity.Apply">
        update t_apply
        set user_id        = #{userId,jdbcType=INTEGER},
            competition_id = #{competitionId,jdbcType=INTEGER},
            point          = #{point,jdbcType=DOUBLE},
            skill          = #{skill,jdbcType=VARCHAR},
            cert           = #{cert,jdbcType=VARCHAR},
            content        = #{content,jdbcType=VARCHAR},
            teacher_id     = #{teacherId,jdbcType=INTEGER},
            status         = #{status,jdbcType=INTEGER},
            remark         = #{remark,jdbcType=VARCHAR},
            create_time    = #{createTime,jdbcType=TIMESTAMP},
            update_time    = #{updateTime,jdbcType=TIMESTAMP}
        where id = #{id,jdbcType=INTEGER}
    </update>

    <select id="findList" resultType="com.competition.entity.Apply">
        select a.*,
        b.nickname,b.college_id,
        c.title,
        d.nickname as teacherName
        from t_apply a
        inner join t_user b on a.user_id = b.id
        inner join t_competition c on a.competition_id = c.id
        left join t_teacher d on a.teacher_id = d.id
        <where>
            <if test="userId != null and userId != ''">
                and a.user_id = #{userId}
            </if>
            <if test="competitionId != null and competitionId != ''">
                and a.competition_id = #{competitionId}
            </if>
            <if test="status != null and status != ''">
                and a.status = #{status}
            </if>
            <if test="teacherId != null and teacherId != ''">
                and a.teacher_id = #{teacherId}
            </if>
            <if test="nickname != null and nickname != ''">
                and b.nickname like concat('%',#{nickname},'%')
            </if>
            <if test="title != null and title != ''">
                and c.title like concat('%',#{title},'%')
            </if>
        </where>
        order by a.create_time desc
        limit #{start},#{limit};
    </select>

    <select id="findTotal" resultType="java.lang.Integer">
        select count(a.id)
        from t_apply a
        inner join t_user b on a.user_id = b.id
        inner join t_competition c on a.competition_id = c.id
        left join t_teacher d on a.teacher_id = d.id
        <where>
            <if test="userId != null and userId != ''">
                and a.user_id = #{userId}
            </if>
            <if test="competitionId != null and competitionId != ''">
                and a.competition_id = #{competitionId}
            </if>
            <if test="status != null and status != ''">
                and a.status = #{status}
            </if>
            <if test="teacherId != null and teacherId != ''">
                and a.teacher_id = #{teacherId}
            </if>
            <if test="nickname != null and nickname != ''">
                and b.nickname like concat('%',#{nickname},'%')
            </if>
            <if test="title != null and title != ''">
                and c.title like concat('%',#{title},'%')
            </if>
        </where>
    </select>

    <select id="selectExist" resultType="com.competition.entity.Apply">
        select *
        from t_apply
        where user_id = #{userId}
          and competition_id = #{competitionId}
          and status = 0
    </select>

    <select id="findPassList" resultType="com.competition.entity.Apply">
        select *
        from t_apply
        where competition_id = #{competitionId}
          and status = 3
        order by id asc;
    </select>

    <select id="countByDate" resultType="java.lang.Integer">
        select count(id)
        from t_apply
        where create_time <![CDATA[ >= #{beginTime}]]>
          and create_time <![CDATA[ <= #{endTime}
        ]]>
    </select>
</mapper>