<?xml version="1.0" encoding="UTF-8"?>
<!DOCTYPE mapper PUBLIC "-//mybatis.org//DTD Mapper 3.0//EN" "http://mybatis.org/dtd/mybatis-3-mapper.dtd">
<mapper namespace="com.competition.mapper.CategoryMapper">
    <resultMap id="BaseResultMap" type="com.competition.entity.Category">
        <id column="id" jdbcType="INTEGER" property="id"/>
        <result column="category_name" jdbcType="VARCHAR" property="categoryName"/>
        <result column="remark" jdbcType="VARCHAR" property="remark"/>
        <result column="create_time" jdbcType="TIMESTAMP" property="createTime"/>
        <result column="update_time" jdbcType="TIMESTAMP" property="updateTime"/>
    </resultMap>

    <sql id="Base_Column_List">
        id
        , category_name, remark, create_time, update_time
    </sql>

    <select id="selectByPrimaryKey" parameterType="java.lang.Integer" resultMap="BaseResultMap">
        select
        <include refid="Base_Column_List"/>
        from t_category
        where id = #{id,jdbcType=INTEGER}
    </select>

    <delete id="deleteByPrimaryKey" parameterType="java.lang.Integer">
        delete
        from t_category
        where id = #{id,jdbcType=INTEGER}
    </delete>

    <insert id="insert" parameterType="com.competition.entity.Category">
        insert into t_category (id, category_name, remark,
                                create_time, update_time)
        values (#{id,jdbcType=INTEGER}, #{categoryName,jdbcType=VARCHAR}, #{remark,jdbcType=VARCHAR},
                #{createTime,jdbcType=TIMESTAMP}, #{updateTime,jdbcType=TIMESTAMP})
    </insert>

    <insert id="insertSelective" parameterType="com.competition.entity.Category">
        insert into t_category
        <trim prefix="(" suffix=")" suffixOverrides=",">
            <if test="id != null">
                id,
            </if>
            <if test="categoryName != null">
                category_name,
            </if>
            <if test="remark != null">
                remark,
            </if>
            <if test="createTime != null">
                create_time,
            </if>
            <if test="updateTime != null">
                update_time,
            </if>
        </trim>
        <trim prefix="values (" suffix=")" suffixOverrides=",">
            <if test="id != null">
                #{id,jdbcType=INTEGER},
            </if>
            <if test="categoryName != null">
                #{categoryName,jdbcType=VARCHAR},
            </if>
            <if test="remark != null">
                #{remark,jdbcType=VARCHAR},
            </if>
            <if test="createTime != null">
                #{createTime,jdbcType=TIMESTAMP},
            </if>
            <if test="updateTime != null">
                #{updateTime,jdbcType=TIMESTAMP},
            </if>
        </trim>
    </insert>

    <update id="updateByPrimaryKeySelective" parameterType="com.competition.entity.Category">
        update t_category
        <set>
            <if test="categoryName != null">
                category_name = #{categoryName,jdbcType=VARCHAR},
            </if>
            <if test="remark != null">
                remark = #{remark,jdbcType=VARCHAR},
            </if>
            <if test="createTime != null">
                create_time = #{createTime,jdbcType=TIMESTAMP},
            </if>
            <if test="updateTime != null">
                update_time = #{updateTime,jdbcType=TIMESTAMP},
            </if>
        </set>
        where id = #{id,jdbcType=INTEGER}
    </update>

    <update id="updateByPrimaryKey" parameterType="com.competition.entity.Category">
        update t_category
        set category_name = #{categoryName,jdbcType=VARCHAR},
            remark        = #{remark,jdbcType=VARCHAR},
            create_time   = #{createTime,jdbcType=TIMESTAMP},
            update_time   = #{updateTime,jdbcType=TIMESTAMP}
        where id = #{id,jdbcType=INTEGER}
    </update>

    <select id="findList" resultType="com.competition.entity.Category">
        select * from t_category
        <where>
            <if test="categoryName != null and categoryName !=''">
                and category_name like concat('%',#{categoryName},'%')
            </if>
        </where>
        order by create_time desc
        limit #{start},#{limit};
    </select>

    <select id="findTotal" resultType="java.lang.Integer">
        select count(id) from t_category
        <where>
            <if test="categoryName != null and categoryName !=''">
                and category_name like concat('%',#{categoryName},'%')
            </if>
        </where>
    </select>

    <select id="findAll" resultType="com.competition.entity.Category">
        select *
        from t_category
        order by create_time asc;
    </select>
</mapper>