<?xml version="1.0" encoding="UTF-8"?>
<!DOCTYPE mapper PUBLIC "-//mybatis.org//DTD Mapper 3.0//EN" "http://mybatis.org/dtd/mybatis-3-mapper.dtd">
<mapper namespace="com.competition.mapper.CollegeMapper">
    <resultMap id="BaseResultMap" type="com.competition.entity.College">
        <id column="id" jdbcType="INTEGER" property="id"/>
        <result column="college_name" jdbcType="VARCHAR" property="collegeName"/>
        <result column="remark" jdbcType="VARCHAR" property="remark"/>
        <result column="create_time" jdbcType="TIMESTAMP" property="createTime"/>
        <result column="update_time" jdbcType="TIMESTAMP" property="updateTime"/>
    </resultMap>

    <sql id="Base_Column_List">
        id
        , college_name, remark, create_time, update_time
    </sql>

    <select id="selectByPrimaryKey" parameterType="java.lang.Integer" resultMap="BaseResultMap">
        select
        <include refid="Base_Column_List"/>
        from t_college
        where id = #{id,jdbcType=INTEGER}
    </select>

    <delete id="deleteByPrimaryKey" parameterType="java.lang.Integer">
        delete
        from t_college
        where id = #{id,jdbcType=INTEGER}
    </delete>

    <insert id="insert" parameterType="com.competition.entity.College">
        insert into t_college (id, college_name, remark,
                               create_time, update_time)
        values (#{id,jdbcType=INTEGER}, #{collegeName,jdbcType=VARCHAR}, #{remark,jdbcType=VARCHAR},
                #{createTime,jdbcType=TIMESTAMP}, #{updateTime,jdbcType=TIMESTAMP})
    </insert>

    <insert id="insertSelective" parameterType="com.competition.entity.College">
        insert into t_college
        <trim prefix="(" suffix=")" suffixOverrides=",">
            <if test="id != null">
                id,
            </if>
            <if test="collegeName != null">
                college_name,
            </if>
            <if test="remark != null">
                remark,
            </if>
            <if test="createTime != null">
                create_time,
            </if>
            <if test="updateTime != null">
                update_time,
            </if>
        </trim>
        <trim prefix="values (" suffix=")" suffixOverrides=",">
            <if test="id != null">
                #{id,jdbcType=INTEGER},
            </if>
            <if test="collegeName != null">
                #{collegeName,jdbcType=VARCHAR},
            </if>
            <if test="remark != null">
                #{remark,jdbcType=VARCHAR},
            </if>
            <if test="createTime != null">
                #{createTime,jdbcType=TIMESTAMP},
            </if>
            <if test="updateTime != null">
                #{updateTime,jdbcType=TIMESTAMP},
            </if>
        </trim>
    </insert>

    <update id="updateByPrimaryKeySelective" parameterType="com.competition.entity.College">
        update t_college
        <set>
            <if test="collegeName != null">
                college_name = #{collegeName,jdbcType=VARCHAR},
            </if>
            <if test="remark != null">
                remark = #{remark,jdbcType=VARCHAR},
            </if>
            <if test="createTime != null">
                create_time = #{createTime,jdbcType=TIMESTAMP},
            </if>
            <if test="updateTime != null">
                update_time = #{updateTime,jdbcType=TIMESTAMP},
            </if>
        </set>
        where id = #{id,jdbcType=INTEGER}
    </update>

    <update id="updateByPrimaryKey" parameterType="com.competition.entity.College">
        update t_college
        set college_name = #{collegeName,jdbcType=VARCHAR},
            remark       = #{remark,jdbcType=VARCHAR},
            create_time  = #{createTime,jdbcType=TIMESTAMP},
            update_time  = #{updateTime,jdbcType=TIMESTAMP}
        where id = #{id,jdbcType=INTEGER}
    </update>

    <select id="findList" resultType="com.competition.entity.College">
        select * from t_college
        <where>
            <if test="collegeName != null and collegeName !=''">
                and college_name like concat('%',#{collegeName},'%')
            </if>
        </where>
        order by create_time desc
        limit #{start},#{limit};
    </select>

    <select id="findTotal" resultType="java.lang.Integer">
        select count(id) from t_college
        <where>
            <if test="collegeName != null and collegeName !=''">
                and college_name like concat('%',#{collegeName},'%')
            </if>
        </where>
    </select>

    <select id="findAll" resultType="com.competition.entity.College">
        select *
        from t_college
        order by create_time asc;
    </select>
</mapper>