<?xml version="1.0" encoding="UTF-8"?>
<!DOCTYPE mapper PUBLIC "-//mybatis.org//DTD Mapper 3.0//EN" "http://mybatis.org/dtd/mybatis-3-mapper.dtd">
<mapper namespace="com.competition.mapper.CompetitionMapper">
    <resultMap id="BaseResultMap" type="com.competition.entity.Competition">
        <id column="id" jdbcType="INTEGER" property="id"/>
        <result column="title" jdbcType="VARCHAR" property="title"/>
        <result column="organizer" jdbcType="VARCHAR" property="organizer"/>
        <result column="category_id" jdbcType="INTEGER" property="categoryId"/>
        <result column="level" jdbcType="INTEGER" property="level"/>
        <result column="begin_time" jdbcType="VARCHAR" property="beginTime"/>
        <result column="end_time" jdbcType="VARCHAR" property="endTime"/>
        <result column="location" jdbcType="VARCHAR" property="location"/>
        <result column="online" jdbcType="INTEGER" property="online"/>
        <result column="content" jdbcType="VARCHAR" property="content"/>
        <result column="file_name" jdbcType="VARCHAR" property="fileName"/>
        <result column="file_path" jdbcType="VARCHAR" property="filePath"/>
        <result column="status" jdbcType="INTEGER" property="status"/>
        <result column="create_time" jdbcType="TIMESTAMP" property="createTime"/>
        <result column="update_time" jdbcType="TIMESTAMP" property="updateTime"/>
    </resultMap>

    <sql id="Base_Column_List">
        id
        , title, organizer, category_id, level, begin_time, end_time, location, online,
    content, file_name, file_path, status, create_time, update_time
    </sql>

    <select id="selectByPrimaryKey" parameterType="java.lang.Integer" resultMap="BaseResultMap">
        select
        <include refid="Base_Column_List"/>
        from t_competition
        where id = #{id,jdbcType=INTEGER}
    </select>

    <delete id="deleteByPrimaryKey" parameterType="java.lang.Integer">
        delete
        from t_competition
        where id = #{id,jdbcType=INTEGER}
    </delete>

    <insert id="insert" parameterType="com.competition.entity.Competition">
        insert into t_competition (id, title, organizer,
                                   category_id, level, begin_time,
                                   end_time, location, online,
                                   content, file_name, file_path, status, create_time,
                                   update_time)
        values (#{id,jdbcType=INTEGER}, #{title,jdbcType=VARCHAR}, #{organizer,jdbcType=VARCHAR},
                #{categoryId,jdbcType=INTEGER}, #{level,jdbcType=INTEGER}, #{beginTime,jdbcType=VARCHAR},
                #{endTime,jdbcType=VARCHAR}, #{location,jdbcType=VARCHAR}, #{online,jdbcType=INTEGER},
                #{content,jdbcType=VARCHAR}, #{fileName,jdbcType=VARCHAR}, #{filePath,jdbcType=VARCHAR},
                #{status,jdbcType=INTEGER}, #{createTime,jdbcType=TIMESTAMP},
                #{updateTime,jdbcType=TIMESTAMP})
    </insert>

    <insert id="insertSelective" parameterType="com.competition.entity.Competition">
        insert into t_competition
        <trim prefix="(" suffix=")" suffixOverrides=",">
            <if test="id != null">
                id,
            </if>
            <if test="title != null">
                title,
            </if>
            <if test="organizer != null">
                organizer,
            </if>
            <if test="categoryId != null">
                category_id,
            </if>
            <if test="level != null">
                level,
            </if>
            <if test="beginTime != null">
                begin_time,
            </if>
            <if test="endTime != null">
                end_time,
            </if>
            <if test="location != null">
                location,
            </if>
            <if test="online != null">
                online,
            </if>
            <if test="content != null">
                content,
            </if>
            <if test="fileName != null">
                file_name,
            </if>
            <if test="filePath != null">
                file_path,
            </if>
            <if test="status != null">
                status,
            </if>
            <if test="createTime != null">
                create_time,
            </if>
            <if test="updateTime != null">
                update_time,
            </if>
        </trim>
        <trim prefix="values (" suffix=")" suffixOverrides=",">
            <if test="id != null">
                #{id,jdbcType=INTEGER},
            </if>
            <if test="title != null">
                #{title,jdbcType=VARCHAR},
            </if>
            <if test="organizer != null">
                #{organizer,jdbcType=VARCHAR},
            </if>
            <if test="categoryId != null">
                #{categoryId,jdbcType=INTEGER},
            </if>
            <if test="level != null">
                #{level,jdbcType=INTEGER},
            </if>
            <if test="beginTime != null">
                #{beginTime,jdbcType=VARCHAR},
            </if>
            <if test="endTime != null">
                #{endTime,jdbcType=VARCHAR},
            </if>
            <if test="location != null">
                #{location,jdbcType=VARCHAR},
            </if>
            <if test="online != null">
                #{online,jdbcType=INTEGER},
            </if>
            <if test="content != null">
                #{content,jdbcType=VARCHAR},
            </if>
            <if test="fileName != null">
                #{fileName,jdbcType=VARCHAR},
            </if>
            <if test="filePath != null">
                #{filePath,jdbcType=VARCHAR},
            </if>
            <if test="status != null">
                #{status,jdbcType=INTEGER},
            </if>
            <if test="createTime != null">
                #{createTime,jdbcType=TIMESTAMP},
            </if>
            <if test="updateTime != null">
                #{updateTime,jdbcType=TIMESTAMP},
            </if>
        </trim>
    </insert>

    <update id="updateByPrimaryKeySelective" parameterType="com.competition.entity.Competition">
        update t_competition
        <set>
            <if test="title != null">
                title = #{title,jdbcType=VARCHAR},
            </if>
            <if test="organizer != null">
                organizer = #{organizer,jdbcType=VARCHAR},
            </if>
            <if test="categoryId != null">
                category_id = #{categoryId,jdbcType=INTEGER},
            </if>
            <if test="level != null">
                level = #{level,jdbcType=INTEGER},
            </if>
            <if test="beginTime != null">
                begin_time = #{beginTime,jdbcType=VARCHAR},
            </if>
            <if test="endTime != null">
                end_time = #{endTime,jdbcType=VARCHAR},
            </if>
            <if test="location != null">
                location = #{location,jdbcType=VARCHAR},
            </if>
            <if test="online != null">
                online = #{online,jdbcType=INTEGER},
            </if>
            <if test="content != null">
                content = #{content,jdbcType=VARCHAR},
            </if>
            <if test="fileName != null">
                file_name = #{fileName,jdbcType=VARCHAR},
            </if>
            <if test="filePath != null">
                file_path = #{filePath,jdbcType=VARCHAR},
            </if>
            <if test="status != null">
                status = #{status,jdbcType=INTEGER},
            </if>
            <if test="createTime != null">
                create_time = #{createTime,jdbcType=TIMESTAMP},
            </if>
            <if test="updateTime != null">
                update_time = #{updateTime,jdbcType=TIMESTAMP},
            </if>
        </set>
        where id = #{id,jdbcType=INTEGER}
    </update>

    <update id="updateByPrimaryKey" parameterType="com.competition.entity.Competition">
        update t_competition
        set title       = #{title,jdbcType=VARCHAR},
            organizer   = #{organizer,jdbcType=VARCHAR},
            category_id = #{categoryId,jdbcType=INTEGER},
            level       = #{level,jdbcType=INTEGER},
            begin_time  = #{beginTime,jdbcType=VARCHAR},
            end_time    = #{endTime,jdbcType=VARCHAR},
            location    = #{location,jdbcType=VARCHAR},
            online      = #{online,jdbcType=INTEGER},
            content     = #{content,jdbcType=VARCHAR},
            file_name   = #{fileName,jdbcType=VARCHAR},
            file_path   = #{filePath,jdbcType=VARCHAR},
            status      = #{status,jdbcType=INTEGER},
            create_time = #{createTime,jdbcType=TIMESTAMP},
            update_time = #{updateTime,jdbcType=TIMESTAMP}
        where id = #{id,jdbcType=INTEGER}
    </update>

    <select id="findList" resultType="com.competition.entity.Competition">
        select a.*,
        b.category_name
        from t_competition a
        inner join t_category b on a.category_id = b.id
        <where>
            <if test="categoryId != null and categoryId != ''">
                and a.category_id = #{categoryId}
            </if>
            <choose>
                <when test="role == 0">
                    and (a.status = 2 or a.status = 3)
                </when>
            </choose>
            <if test="status != null and status != ''">
                and a.status = #{status}
            </if>
            <if test="title != null and title != ''">
                and a.title like concat('%',#{title},'%')
            </if>
        </where>
        order by a.create_time desc
        limit #{start},#{limit};
    </select>

    <select id="findTotal" resultType="java.lang.Integer">
        select count(a.id)
        from t_competition a
        inner join t_category b on a.category_id = b.id
        <where>
            <if test="categoryId != null and categoryId != ''">
                and a.category_id = #{categoryId}
            </if>
            <if test="status != null and status != ''">
                and a.status = #{status}
            </if>
            <if test="title != null and title != ''">
                and a.title like concat('%',#{title},'%')
            </if>
        </where>
    </select>

    <select id="countByCategory" resultType="java.lang.Integer">
        select count(id) from t_competition where category_id = #{categoryId}
    </select>
</mapper>