<?xml version="1.0" encoding="UTF-8"?>
<!DOCTYPE mapper PUBLIC "-//mybatis.org//DTD Mapper 3.0//EN" "http://mybatis.org/dtd/mybatis-3-mapper.dtd">
<mapper namespace="com.competition.mapper.FeedbackMapper">
    <resultMap id="BaseResultMap" type="com.competition.entity.Feedback">
        <id column="id" jdbcType="INTEGER" property="id"/>
        <result column="user_id" jdbcType="INTEGER" property="userId"/>
        <result column="content" jdbcType="VARCHAR" property="content"/>
        <result column="status" jdbcType="INTEGER" property="status"/>
        <result column="reply" jdbcType="VARCHAR" property="reply"/>
        <result column="create_time" jdbcType="TIMESTAMP" property="createTime"/>
        <result column="update_time" jdbcType="TIMESTAMP" property="updateTime"/>
    </resultMap>

    <sql id="Base_Column_List">
        id
        , user_id, content, status, reply, create_time, update_time
    </sql>

    <select id="selectByPrimaryKey" parameterType="java.lang.Integer" resultMap="BaseResultMap">
        select
        <include refid="Base_Column_List"/>
        from t_feedback
        where id = #{id,jdbcType=INTEGER}
    </select>

    <delete id="deleteByPrimaryKey" parameterType="java.lang.Integer">
        delete
        from t_feedback
        where id = #{id,jdbcType=INTEGER}
    </delete>

    <insert id="insert" parameterType="com.competition.entity.Feedback">
        insert into t_feedback (id, user_id,
                                content, status, reply,
                                create_time, update_time)
        values (#{id,jdbcType=INTEGER}, #{userId,jdbcType=INTEGER},
                #{content,jdbcType=VARCHAR}, #{status,jdbcType=INTEGER}, #{reply,jdbcType=VARCHAR},
                #{createTime,jdbcType=TIMESTAMP}, #{updateTime,jdbcType=TIMESTAMP})
    </insert>

    <insert id="insertSelective" parameterType="com.competition.entity.Feedback">
        insert into t_feedback
        <trim prefix="(" suffix=")" suffixOverrides=",">
            <if test="id != null">
                id,
            </if>
            <if test="userId != null">
                user_id,
            </if>
            <if test="content != null">
                content,
            </if>
            <if test="status != null">
                status,
            </if>
            <if test="reply != null">
                reply,
            </if>
            <if test="createTime != null">
                create_time,
            </if>
            <if test="updateTime != null">
                update_time,
            </if>
        </trim>
        <trim prefix="values (" suffix=")" suffixOverrides=",">
            <if test="id != null">
                #{id,jdbcType=INTEGER},
            </if>
            <if test="userId != null">
                #{userId,jdbcType=INTEGER},
            </if>
            <if test="content != null">
                #{content,jdbcType=VARCHAR},
            </if>
            <if test="status != null">
                #{status,jdbcType=INTEGER},
            </if>
            <if test="reply != null">
                #{reply,jdbcType=VARCHAR},
            </if>
            <if test="createTime != null">
                #{createTime,jdbcType=TIMESTAMP},
            </if>
            <if test="updateTime != null">
                #{updateTime,jdbcType=TIMESTAMP},
            </if>
        </trim>
    </insert>

    <update id="updateByPrimaryKeySelective" parameterType="com.competition.entity.Feedback">
        update t_feedback
        <set>
            <if test="userId != null">
                user_id = #{userId,jdbcType=INTEGER},
            </if>
            <if test="content != null">
                content = #{content,jdbcType=VARCHAR},
            </if>
            <if test="status != null">
                status = #{status,jdbcType=INTEGER},
            </if>
            <if test="reply != null">
                reply = #{reply,jdbcType=VARCHAR},
            </if>
            <if test="createTime != null">
                create_time = #{createTime,jdbcType=TIMESTAMP},
            </if>
            <if test="updateTime != null">
                update_time = #{updateTime,jdbcType=TIMESTAMP},
            </if>
        </set>
        where id = #{id,jdbcType=INTEGER}
    </update>

    <update id="updateByPrimaryKey" parameterType="com.competition.entity.Feedback">
        update t_feedback
        set user_id   = #{userId,jdbcType=INTEGER},
            content     = #{content,jdbcType=VARCHAR},
            status      = #{status,jdbcType=INTEGER},
            reply       = #{reply,jdbcType=VARCHAR},
            create_time = #{createTime,jdbcType=TIMESTAMP},
            update_time = #{updateTime,jdbcType=TIMESTAMP}
        where id = #{id,jdbcType=INTEGER}
    </update>

    <select id="findList" resultType="com.competition.entity.Feedback">
        select a.*,
        b.nickname,b.username
        from t_feedback a
        inner join t_user b on a.user_id = b.id
        <where>
            <if test="status != null and status != ''">
                and a.status = #{status}
            </if>
            <if test="userId != null and userId != ''">
                and a.user_id = #{userId}
            </if>
            <if test="nickname != null and nickname != ''">
                and b.nickname like concat('%',#{nickname},'%')
            </if>
        </where>
        order by a.create_time desc
        limit #{start},#{limit};
    </select>

    <select id="findTotal" resultType="java.lang.Integer">
        select count(a.id)
        from t_feedback a
        inner join t_user b on a.user_id = b.id
        <where>
            <if test="status != null and status != ''">
                and a.status = #{status}
            </if>
            <if test="userId != null and userId != ''">
                and a.user_id = #{userId}
            </if>
            <if test="nickname != null and nickname != ''">
                and b.nickname like concat('%',#{nickname},'%')
            </if>
        </where>
    </select>


</mapper>