<?xml version="1.0" encoding="UTF-8"?>
<!DOCTYPE mapper PUBLIC "-//mybatis.org//DTD Mapper 3.0//EN" "http://mybatis.org/dtd/mybatis-3-mapper.dtd">
<mapper namespace="com.competition.mapper.NoticeMapper">
    <resultMap id="BaseResultMap" type="com.competition.entity.Notice">
        <id column="id" jdbcType="INTEGER" property="id"/>
        <result column="title" jdbcType="VARCHAR" property="title"/>
        <result column="content" jdbcType="VARCHAR" property="content"/>
        <result column="create_time" jdbcType="TIMESTAMP" property="createTime"/>
        <result column="update_time" jdbcType="TIMESTAMP" property="updateTime"/>
    </resultMap>

    <sql id="Base_Column_List">
        id
        , title, content, create_time, update_time
    </sql>

    <select id="selectByPrimaryKey" parameterType="java.lang.Integer" resultMap="BaseResultMap">
        select
        <include refid="Base_Column_List"/>
        from t_notice
        where id = #{id,jdbcType=INTEGER}
    </select>

    <delete id="deleteByPrimaryKey" parameterType="java.lang.Integer">
        delete
        from t_notice
        where id = #{id,jdbcType=INTEGER}
    </delete>

    <insert id="insert" parameterType="com.competition.entity.Notice">
        insert into t_notice (id, title, content,
                              create_time, update_time)
        values (#{id,jdbcType=INTEGER}, #{title,jdbcType=VARCHAR}, #{content,jdbcType=VARCHAR},
                #{createTime,jdbcType=TIMESTAMP}, #{updateTime,jdbcType=TIMESTAMP})
    </insert>

    <insert id="insertSelective" parameterType="com.competition.entity.Notice">
        insert into t_notice
        <trim prefix="(" suffix=")" suffixOverrides=",">
            <if test="id != null">
                id,
            </if>
            <if test="title != null">
                title,
            </if>
            <if test="content != null">
                content,
            </if>
            <if test="createTime != null">
                create_time,
            </if>
            <if test="updateTime != null">
                update_time,
            </if>
        </trim>
        <trim prefix="values (" suffix=")" suffixOverrides=",">
            <if test="id != null">
                #{id,jdbcType=INTEGER},
            </if>
            <if test="title != null">
                #{title,jdbcType=VARCHAR},
            </if>
            <if test="content != null">
                #{content,jdbcType=VARCHAR},
            </if>
            <if test="createTime != null">
                #{createTime,jdbcType=TIMESTAMP},
            </if>
            <if test="updateTime != null">
                #{updateTime,jdbcType=TIMESTAMP},
            </if>
        </trim>
    </insert>

    <update id="updateByPrimaryKeySelective" parameterType="com.competition.entity.Notice">
        update t_notice
        <set>
            <if test="title != null">
                title = #{title,jdbcType=VARCHAR},
            </if>
            <if test="content != null">
                content = #{content,jdbcType=VARCHAR},
            </if>
            <if test="createTime != null">
                create_time = #{createTime,jdbcType=TIMESTAMP},
            </if>
            <if test="updateTime != null">
                update_time = #{updateTime,jdbcType=TIMESTAMP},
            </if>
        </set>
        where id = #{id,jdbcType=INTEGER}
    </update>

    <update id="updateByPrimaryKey" parameterType="com.competition.entity.Notice">
        update t_notice
        set title       = #{title,jdbcType=VARCHAR},
            content     = #{content,jdbcType=VARCHAR},
            create_time = #{createTime,jdbcType=TIMESTAMP},
            update_time = #{updateTime,jdbcType=TIMESTAMP}
        where id = #{id,jdbcType=INTEGER}
    </update>

    <select id="findList" resultType="com.competition.entity.Notice">
        select * from t_notice
        <where>
            <if test="title != null and title != ''">
                and title like concat('%',#{title},'%')
            </if>
        </where>
        order by create_time desc
        limit #{start},#{limit};
    </select>

    <select id="findTotal" resultType="java.lang.Integer">
        select count(id) from t_notice
        <where>
            <if test="title != null and title != ''">
                and title like concat('%',#{title},'%')
            </if>
        </where>
    </select>

    <select id="findLatestTopList" resultType="com.competition.entity.Notice">
        select *
        from t_notice
        order by id desc limit #{limit};
    </select>
</mapper>