<?xml version="1.0" encoding="UTF-8"?>
<!DOCTYPE mapper PUBLIC "-//mybatis.org//DTD Mapper 3.0//EN" "http://mybatis.org/dtd/mybatis-3-mapper.dtd">
<mapper namespace="com.competition.mapper.ProcessMapper">
    <resultMap id="BaseResultMap" type="com.competition.entity.Process">
        <id column="id" jdbcType="INTEGER" property="id"/>
        <result column="user_id" jdbcType="INTEGER" property="userId"/>
        <result column="competition_id" jdbcType="INTEGER" property="competitionId"/>
        <result column="teacher_id" jdbcType="INTEGER" property="teacherId"/>
        <result column="file_name" jdbcType="VARCHAR" property="fileName"/>
        <result column="file_path" jdbcType="VARCHAR" property="filePath"/>
        <result column="content" jdbcType="VARCHAR" property="content"/>
        <result column="score" jdbcType="DOUBLE" property="score"/>
        <result column="advise" jdbcType="VARCHAR" property="advise"/>
        <result column="prize" jdbcType="INTEGER" property="prize"/>
        <result column="status" jdbcType="INTEGER" property="status"/>
        <result column="create_time" jdbcType="TIMESTAMP" property="createTime"/>
        <result column="update_time" jdbcType="TIMESTAMP" property="updateTime"/>
    </resultMap>

    <sql id="Base_Column_List">
        id
        , user_id, competition_id, teacher_id, file_name, file_path, content, score, advise, prize,
    status, create_time, update_time
    </sql>

    <select id="selectByPrimaryKey" parameterType="java.lang.Integer" resultMap="BaseResultMap">
        select
        <include refid="Base_Column_List"/>
        from t_process
        where id = #{id,jdbcType=INTEGER}
    </select>

    <delete id="deleteByPrimaryKey" parameterType="java.lang.Integer">
        delete
        from t_process
        where id = #{id,jdbcType=INTEGER}
    </delete>

    <insert id="insert" parameterType="com.competition.entity.Process">
        insert into t_process (id, user_id, competition_id,
                               teacher_id, file_name, file_path,
                               content, score, advise, prize,
                               status, create_time, update_time)
        values (#{id,jdbcType=INTEGER}, #{userId,jdbcType=INTEGER}, #{competitionId,jdbcType=INTEGER},
                #{teacherId,jdbcType=INTEGER}, #{fileName,jdbcType=VARCHAR}, #{filePath,jdbcType=VARCHAR},
                #{content,jdbcType=VARCHAR}, #{score,jdbcType=DOUBLE}, #{advise,jdbcType=VARCHAR},
                #{prize,jdbcType=INTEGER},
                #{status,jdbcType=INTEGER}, #{createTime,jdbcType=TIMESTAMP}, #{updateTime,jdbcType=TIMESTAMP})
    </insert>

    <insert id="insertSelective" parameterType="com.competition.entity.Process">
        insert into t_process
        <trim prefix="(" suffix=")" suffixOverrides=",">
            <if test="id != null">
                id,
            </if>
            <if test="userId != null">
                user_id,
            </if>
            <if test="competitionId != null">
                competition_id,
            </if>
            <if test="teacherId != null">
                teacher_id,
            </if>
            <if test="fileName != null">
                file_name,
            </if>
            <if test="filePath != null">
                file_path,
            </if>
            <if test="content != null">
                content,
            </if>
            <if test="score != null">
                score,
            </if>
            <if test="advise != null">
                advise,
            </if>
            <if test="prize != null">
                prize,
            </if>
            <if test="status != null">
                status,
            </if>
            <if test="createTime != null">
                create_time,
            </if>
            <if test="updateTime != null">
                update_time,
            </if>
        </trim>
        <trim prefix="values (" suffix=")" suffixOverrides=",">
            <if test="id != null">
                #{id,jdbcType=INTEGER},
            </if>
            <if test="userId != null">
                #{userId,jdbcType=INTEGER},
            </if>
            <if test="competitionId != null">
                #{competitionId,jdbcType=INTEGER},
            </if>
            <if test="teacherId != null">
                #{teacherId,jdbcType=INTEGER},
            </if>
            <if test="fileName != null">
                #{fileName,jdbcType=VARCHAR},
            </if>
            <if test="filePath != null">
                #{filePath,jdbcType=VARCHAR},
            </if>
            <if test="content != null">
                #{content,jdbcType=VARCHAR},
            </if>
            <if test="score != null">
                #{score,jdbcType=DOUBLE},
            </if>
            <if test="advise != null">
                #{advise,jdbcType=VARCHAR},
            </if>
            <if test="prize != null">
                #{prize,jdbcType=INTEGER},
            </if>
            <if test="status != null">
                #{status,jdbcType=INTEGER},
            </if>
            <if test="createTime != null">
                #{createTime,jdbcType=TIMESTAMP},
            </if>
            <if test="updateTime != null">
                #{updateTime,jdbcType=TIMESTAMP},
            </if>
        </trim>
    </insert>

    <update id="updateByPrimaryKeySelective" parameterType="com.competition.entity.Process">
        update t_process
        <set>
            <if test="userId != null">
                user_id = #{userId,jdbcType=INTEGER},
            </if>
            <if test="competitionId != null">
                competition_id = #{competitionId,jdbcType=INTEGER},
            </if>
            <if test="teacherId != null">
                teacher_id = #{teacherId,jdbcType=INTEGER},
            </if>
            <if test="fileName != null">
                file_name = #{fileName,jdbcType=VARCHAR},
            </if>
            <if test="filePath != null">
                file_path = #{filePath,jdbcType=VARCHAR},
            </if>
            <if test="content != null">
                content = #{content,jdbcType=VARCHAR},
            </if>
            <if test="score != null">
                score = #{score,jdbcType=DOUBLE},
            </if>
            <if test="advise != null">
                advise = #{advise,jdbcType=VARCHAR},
            </if>
            <if test="prize != null">
                prize = #{prize,jdbcType=INTEGER},
            </if>
            <if test="status != null">
                status = #{status,jdbcType=INTEGER},
            </if>
            <if test="createTime != null">
                create_time = #{createTime,jdbcType=TIMESTAMP},
            </if>
            <if test="updateTime != null">
                update_time = #{updateTime,jdbcType=TIMESTAMP},
            </if>
        </set>
        where id = #{id,jdbcType=INTEGER}
    </update>

    <update id="updateByPrimaryKey" parameterType="com.competition.entity.Process">
        update t_process
        set user_id        = #{userId,jdbcType=INTEGER},
            competition_id = #{competitionId,jdbcType=INTEGER},
            teacher_id     = #{teacherId,jdbcType=INTEGER},
            file_name      = #{fileName,jdbcType=VARCHAR},
            file_path      = #{filePath,jdbcType=VARCHAR},
            content        = #{content,jdbcType=VARCHAR},
            score          = #{score,jdbcType=DOUBLE},
            advise         = #{advise,jdbcType=VARCHAR},
            prize          = #{prize,jdbcType=INTEGER},
            status         = #{status,jdbcType=INTEGER},
            create_time    = #{createTime,jdbcType=TIMESTAMP},
            update_time    = #{updateTime,jdbcType=TIMESTAMP}
        where id = #{id,jdbcType=INTEGER}
    </update>

    <select id="findList" resultType="com.competition.entity.Process">
        select a.*,
        b.nickname,b.college_id,
        c.title,
        d.nickname as teacherName
        from t_process a
        inner join t_user b on a.user_id = b.id
        inner join t_competition c on a.competition_id = c.id
        left join t_teacher d on a.teacher_id = d.id
        <where>
            <if test="userId != null and userId != ''">
                and a.user_id = #{userId}
            </if>
            <if test="competitionId != null and competitionId != ''">
                and a.competition_id = #{competitionId}
            </if>
            <if test="status != null and status != ''">
                and a.status = #{status}
            </if>
            <if test="teacherId != null and teacherId != ''">
                and a.teacher_id = #{teacherId}
            </if>
            <if test="nickname != null and nickname != ''">
                and b.nickname like concat('%',#{nickname},'%')
            </if>
            <if test="title != null and title != ''">
                and c.title like concat('%',#{title},'%')
            </if>
        </where>
        order by a.create_time desc
        limit #{start},#{limit};
    </select>

    <select id="findTotal" resultType="java.lang.Integer">
        select count(a.id)
        from t_process a
        inner join t_user b on a.user_id = b.id
        inner join t_competition c on a.competition_id = c.id
        left join t_teacher d on a.teacher_id = d.id
        <where>
            <if test="userId != null and userId != ''">
                and a.user_id = #{userId}
            </if>
            <if test="competitionId != null and competitionId != ''">
                and a.competition_id = #{competitionId}
            </if>
            <if test="status != null and status != ''">
                and a.status = #{status}
            </if>
            <if test="teacherId != null and teacherId != ''">
                and a.teacher_id = #{teacherId}
            </if>
            <if test="nickname != null and nickname != ''">
                and b.nickname like concat('%',#{nickname},'%')
            </if>
            <if test="title != null and title != ''">
                and c.title like concat('%',#{title},'%')
            </if>
        </where>
    </select>


    <select id="findRankList" resultType="com.competition.entity.Process">
        select a.*,
        b.username,b.nickname,b.college_id,
        c.title,
        d.nickname as teacherName
        from t_process a
        inner join t_user b on a.user_id = b.id
        inner join t_competition c on a.competition_id = c.id
        left join t_teacher d on a.teacher_id = d.id
        <where>
            <if test="userId != null and userId != ''">
                and a.user_id = #{userId}
            </if>
            <if test="competitionId != null and competitionId != ''">
                and a.competition_id = #{competitionId}
            </if>
            <if test="status != null and status != ''">
                and a.status = #{status}
            </if>
            <if test="teacherId != null and teacherId != ''">
                and a.teacher_id = #{teacherId}
            </if>
            <if test="nickname != null and nickname != ''">
                and b.nickname like concat('%',#{nickname},'%')
            </if>
            <if test="title != null and title != ''">
                and c.title like concat('%',#{title},'%')
            </if>
        </where>
        order by a.score desc
        limit #{start},#{limit};
    </select>

    <select id="findRankTotal" resultType="java.lang.Integer">
        select count(a.id)
        from t_process a
        inner join t_user b on a.user_id = b.id
        inner join t_competition c on a.competition_id = c.id
        left join t_teacher d on a.teacher_id = d.id
        <where>
            <if test="userId != null and userId != ''">
                and a.user_id = #{userId}
            </if>
            <if test="competitionId != null and competitionId != ''">
                and a.competition_id = #{competitionId}
            </if>
            <if test="status != null and status != ''">
                and a.status = #{status}
            </if>
            <if test="teacherId != null and teacherId != ''">
                and a.teacher_id = #{teacherId}
            </if>
            <if test="nickname != null and nickname != ''">
                and b.nickname like concat('%',#{nickname},'%')
            </if>
            <if test="title != null and title != ''">
                and c.title like concat('%',#{title},'%')
            </if>
        </where>
    </select>

    <update id="updateByCompetition">
        update t_process
        set status = #{status}
        where competition_id = #{competitionId};
    </update>


    <select id="findByCompetition" resultType="com.competition.entity.Process">
        select a.*,
               b.username,
               b.nickname
        from t_process a
                 inner join t_user b on a.user_id = b.id
        where a.competition_id = #{competitionId}
        order by a.score desc;
    </select>
</mapper>