<?xml version="1.0" encoding="UTF-8"?>
<!DOCTYPE mapper PUBLIC "-//mybatis.org//DTD Mapper 3.0//EN" "http://mybatis.org/dtd/mybatis-3-mapper.dtd">
<mapper namespace="com.competition.mapper.TaskMapper">
    <resultMap id="BaseResultMap" type="com.competition.entity.Task">
        <id column="id" jdbcType="INTEGER" property="id"/>
        <result column="process_id" jdbcType="INTEGER" property="processId"/>
        <result column="title" jdbcType="VARCHAR" property="title"/>
        <result column="begin_time" jdbcType="DATE" property="beginTime"/>
        <result column="end_time" jdbcType="DATE" property="endTime"/>
        <result column="content" jdbcType="VARCHAR" property="content"/>
        <result column="file_name" jdbcType="VARCHAR" property="fileName"/>
        <result column="file_path" jdbcType="VARCHAR" property="filePath"/>
        <result column="remark" jdbcType="VARCHAR" property="remark"/>
        <result column="status" jdbcType="INTEGER" property="status"/>
        <result column="create_time" jdbcType="TIMESTAMP" property="createTime"/>
        <result column="update_time" jdbcType="TIMESTAMP" property="updateTime"/>
    </resultMap>

    <sql id="Base_Column_List">
        id
        , process_id, title, begin_time, end_time, content, file_name, file_path, remark, status,
    create_time, update_time
    </sql>

    <select id="selectByPrimaryKey" parameterType="java.lang.Integer" resultMap="BaseResultMap">
        select
        <include refid="Base_Column_List"/>
        from t_task
        where id = #{id,jdbcType=INTEGER}
    </select>

    <delete id="deleteByPrimaryKey" parameterType="java.lang.Integer">
        delete
        from t_task
        where id = #{id,jdbcType=INTEGER}
    </delete>

    <insert id="insert" parameterType="com.competition.entity.Task">
        insert into t_task (id, process_id, title, begin_time,
                            end_time, content, file_name,
                            file_path, remark, status,
                            create_time, update_time)
        values (#{id,jdbcType=INTEGER}, #{processId,jdbcType=INTEGER}, #{title,jdbcType=VARCHAR},
                #{beginTime,jdbcType=DATE},
                #{endTime,jdbcType=DATE}, #{content,jdbcType=VARCHAR}, #{fileName,jdbcType=VARCHAR},
                #{filePath,jdbcType=VARCHAR}, #{remark,jdbcType=VARCHAR}, #{status,jdbcType=INTEGER},
                #{createTime,jdbcType=TIMESTAMP}, #{updateTime,jdbcType=TIMESTAMP})
    </insert>

    <insert id="insertSelective" parameterType="com.competition.entity.Task">
        insert into t_task
        <trim prefix="(" suffix=")" suffixOverrides=",">
            <if test="id != null">
                id,
            </if>
            <if test="processId != null">
                process_id,
            </if>
            <if test="title != null">
                title,
            </if>
            <if test="beginTime != null">
                begin_time,
            </if>
            <if test="endTime != null">
                end_time,
            </if>
            <if test="content != null">
                content,
            </if>
            <if test="fileName != null">
                file_name,
            </if>
            <if test="filePath != null">
                file_path,
            </if>
            <if test="remark != null">
                remark,
            </if>
            <if test="status != null">
                status,
            </if>
            <if test="createTime != null">
                create_time,
            </if>
            <if test="updateTime != null">
                update_time,
            </if>
        </trim>
        <trim prefix="values (" suffix=")" suffixOverrides=",">
            <if test="id != null">
                #{id,jdbcType=INTEGER},
            </if>
            <if test="processId != null">
                #{processId,jdbcType=INTEGER},
            </if>
            <if test="title != null">
                #{title,jdbcType=VARCHAR},
            </if>
            <if test="beginTime != null">
                #{beginTime,jdbcType=DATE},
            </if>
            <if test="endTime != null">
                #{endTime,jdbcType=DATE},
            </if>
            <if test="content != null">
                #{content,jdbcType=VARCHAR},
            </if>
            <if test="fileName != null">
                #{fileName,jdbcType=VARCHAR},
            </if>
            <if test="filePath != null">
                #{filePath,jdbcType=VARCHAR},
            </if>
            <if test="remark != null">
                #{remark,jdbcType=VARCHAR},
            </if>
            <if test="status != null">
                #{status,jdbcType=INTEGER},
            </if>
            <if test="createTime != null">
                #{createTime,jdbcType=TIMESTAMP},
            </if>
            <if test="updateTime != null">
                #{updateTime,jdbcType=TIMESTAMP},
            </if>
        </trim>
    </insert>

    <update id="updateByPrimaryKeySelective" parameterType="com.competition.entity.Task">
        update t_task
        <set>
            <if test="processId != null">
                process_id = #{processId,jdbcType=INTEGER},
            </if>
            <if test="title != null">
                title = #{title,jdbcType=VARCHAR},
            </if>
            <if test="beginTime != null">
                begin_time = #{beginTime,jdbcType=DATE},
            </if>
            <if test="endTime != null">
                end_time = #{endTime,jdbcType=DATE},
            </if>
            <if test="content != null">
                content = #{content,jdbcType=VARCHAR},
            </if>
            <if test="fileName != null">
                file_name = #{fileName,jdbcType=VARCHAR},
            </if>
            <if test="filePath != null">
                file_path = #{filePath,jdbcType=VARCHAR},
            </if>
            <if test="remark != null">
                remark = #{remark,jdbcType=VARCHAR},
            </if>
            <if test="status != null">
                status = #{status,jdbcType=INTEGER},
            </if>
            <if test="createTime != null">
                create_time = #{createTime,jdbcType=TIMESTAMP},
            </if>
            <if test="updateTime != null">
                update_time = #{updateTime,jdbcType=TIMESTAMP},
            </if>
        </set>
        where id = #{id,jdbcType=INTEGER}
    </update>

    <update id="updateByPrimaryKey" parameterType="com.competition.entity.Task">
        update t_task
        set process_id  = #{processId,jdbcType=INTEGER},
            title       = #{title,jdbcType=VARCHAR},
            begin_time  = #{beginTime,jdbcType=DATE},
            end_time    = #{endTime,jdbcType=DATE},
            content     = #{content,jdbcType=VARCHAR},
            file_name   = #{fileName,jdbcType=VARCHAR},
            file_path   = #{filePath,jdbcType=VARCHAR},
            remark      = #{remark,jdbcType=VARCHAR},
            status      = #{status,jdbcType=INTEGER},
            create_time = #{createTime,jdbcType=TIMESTAMP},
            update_time = #{updateTime,jdbcType=TIMESTAMP}
        where id = #{id,jdbcType=INTEGER}
    </update>

    <select id="findList" resultType="com.competition.entity.Task">
        select * from t_task
        <where>
            <if test="processId != null and processId != ''">
                and process_id = #{processId}
            </if>
            <if test="status != null and status != ''">
                and status = #{status}
            </if>
            <if test="title != null and title != ''">
                and title like concat('%',#{title},'%')
            </if>
        </where>
        order by create_time desc
        limit #{start},#{limit};
    </select>

    <select id="findTotal" resultType="java.lang.Integer">
        select count(id) from t_task
        <where>
            <if test="processId != null and processId != ''">
                and process_id = #{processId}
            </if>
            <if test="status != null and status != ''">
                and status = #{status}
            </if>
            <if test="title != null and title != ''">
                and title like concat('%',#{title},'%')
            </if>
        </where>
    </select>


    <select id="findByProcess" resultType="com.competition.entity.Task">
        select *
        from t_task
        where process_id = #{processId}
        order by id asc;
    </select>

</mapper>